tf_name	task_index	fold_num	run_num	epoch_num	test_prof_nll	test_count_mse	test_count_pears	test_count_spear	val_loss
E2F6	0	1	2	15	400.521	0.598	0.683	0.700	196.397
E2F6	1	1	3	13	238.183	0.598	0.628	0.645	106.077
E2F6	0	2	3	13	377.395	0.761	0.664	0.675	217.535
E2F6	1	2	3	13	221.269	0.758	0.601	0.628	124.934
E2F6	0	3	1	12	372.950	0.689	0.678	0.698	206.127
E2F6	1	3	1	12	217.915	0.545	0.585	0.608	115.511
E2F6	0	4	3	14	379.033	0.845	0.635	0.662	200.846
E2F6	1	4	3	12	225.612	0.672	0.627	0.620	113.899
E2F6	0	5	2	14	385.738	0.605	0.664	0.690	208.442
E2F6	1	5	1	11	225.199	0.705	0.609	0.636	114.786
E2F6	0	6	3	11	387.975	0.591	0.684	0.713	209.411
E2F6	1	6	3	13	232.660	0.484	0.629	0.656	118.235
E2F6	0	7	2	12	373.048	0.656	0.670	0.693	209.049
E2F6	1	7	1	14	222.330	0.733	0.607	0.646	118.138
E2F6	0	8	3	15	361.520	0.746	0.665	0.677	203.683
E2F6	1	8	3	15	213.225	0.749	0.584	0.610	115.636
E2F6	0	9	3	15	364.790	0.586	0.646	0.663	197.785
E2F6	1	9	3	15	213.020	0.548	0.575	0.607	110.703
E2F6	0	10	1	12	357.424	0.839	0.671	0.691	196.310
E2F6	1	10	2	15	209.823	0.893	0.606	0.620	108.963
FOXA2	0	1	3	13	257.532	0.671	0.626	0.581	152.445
FOXA2	1	1	3	15	310.858	0.521	0.614	0.559	194.286
FOXA2	2	1	3	11	189.082	0.499	0.567	0.535	109.144
FOXA2	3	1	1	15	209.243	0.324	0.566	0.561	128.910
FOXA2	0	2	1	15	292.714	0.560	0.680	0.650	149.326
FOXA2	1	2	1	11	337.218	0.413	0.660	0.604	196.383
FOXA2	2	2	3	12	185.610	0.637	0.552	0.517	111.763
FOXA2	3	2	3	14	206.396	0.304	0.566	0.550	130.007
FOXA2	0	3	1	14	284.703	0.743	0.623	0.600	171.155
FOXA2	1	3	2	12	332.500	0.546	0.625	0.594	222.784
FOXA2	2	3	3	14	183.469	0.580	0.534	0.510	110.291
FOXA2	3	3	2	13	203.194	0.341	0.568	0.549	129.081
FOXA2	0	4	2	15	277.841	0.643	0.645	0.597	165.151
FOXA2	1	4	2	15	321.837	0.388	0.645	0.597	216.781
FOXA2	2	4	1	12	182.786	0.503	0.555	0.525	109.509
FOXA2	3	4	3	15	201.374	0.432	0.571	0.558	129.352
FOXA2	0	5	3	13	272.747	0.664	0.633	0.610	159.592
FOXA2	1	5	2	15	325.305	0.453	0.619	0.587	205.828
FOXA2	2	5	3	15	184.486	2.777	0.327	0.549	106.239
FOXA2	3	5	2	11	205.767	0.391	0.551	0.554	125.383
FOXA2	0	6	1	13	255.109	0.794	0.609	0.553	155.865
FOXA2	1	6	3	15	290.408	0.385	0.623	0.571	207.970
FOXA2	2	6	1	15	183.131	0.370	0.565	0.544	109.764
FOXA2	3	6	2	15	201.207	0.384	0.579	0.573	127.588
FOXA2	0	7	2	15	266.429	0.873	0.575	0.584	144.095
FOXA2	1	7	2	15	317.555	0.649	0.580	0.562	184.402
FOXA2	2	7	3	13	186.003	0.681	0.563	0.532	107.025
FOXA2	3	7	2	14	205.005	0.442	0.549	0.557	123.288
FOXA2	0	8	3	15	260.812	0.762	0.633	0.593	152.344
FOXA2	1	8	2	14	313.181	0.674	0.572	0.592	201.055
FOXA2	2	8	2	10	179.263	0.401	0.580	0.553	108.417
FOXA2	3	8	3	15	198.365	0.278	0.590	0.598	127.191
FOXA2	0	9	2	15	259.771	0.669	0.618	0.564	146.130
FOXA2	1	9	1	15	307.433	0.629	0.616	0.554	196.139
FOXA2	2	9	3	12	185.754	0.722	0.549	0.533	106.438
FOXA2	3	9	3	15	205.568	0.421	0.563	0.564	119.565
FOXA2	0	10	3	13	265.114	0.543	0.641	0.591	147.789
FOXA2	1	10	1	14	303.853	0.510	0.618	0.551	193.997
FOXA2	2	10	2	14	184.763	0.493	0.557	0.534	107.394
FOXA2	3	10	1	15	205.407	0.451	0.560	0.534	128.747
SPI1	0	1	1	14	220.984	0.515	0.663	0.622	125.664
SPI1	1	1	2	12	151.678	0.349	0.648	0.607	78.108
SPI1	2	1	3	15	188.275	0.651	0.630	0.577	104.804
SPI1	3	1	2	15	185.640	0.301	0.732	0.705	101.590
SPI1	0	2	1	14	215.589	0.579	0.668	0.615	127.916
SPI1	1	2	2	15	139.183	0.431	0.600	0.572	88.554
SPI1	2	2	1	12	185.788	0.578	0.631	0.589	106.279
SPI1	3	2	1	15	186.089	0.351	0.737	0.717	110.467
SPI1	0	3	3	14	214.649	0.492	0.673	0.629	126.656
SPI1	1	3	2	15	131.661	0.463	0.616	0.570	82.108
SPI1	2	3	2	14	181.094	0.626	0.640	0.590	107.234
SPI1	3	3	2	14	179.286	0.286	0.710	0.689	111.323
SPI1	0	4	2	15	217.352	0.518	0.688	0.632	125.572
SPI1	1	4	1	15	143.909	0.514	0.602	0.598	77.495
SPI1	2	4	2	15	185.677	0.747	0.633	0.578	104.868
SPI1	3	4	3	13	179.709	0.260	0.698	0.680	108.194
SPI1	0	5	2	15	213.671	0.472	0.688	0.636	123.217
SPI1	1	5	2	13	137.822	0.365	0.621	0.570	83.702
SPI1	2	5	1	13	181.886	0.590	0.634	0.588	105.157
SPI1	3	5	3	13	173.458	0.315	0.725	0.687	106.222
SPI1	0	6	1	15	215.434	0.537	0.681	0.637	124.427
SPI1	1	6	2	14	132.736	0.346	0.611	0.564	79.961
SPI1	2	6	1	14	181.928	0.662	0.625	0.581	104.039
SPI1	3	6	2	12	174.770	0.319	0.728	0.693	100.463
SPI1	0	7	1	15	211.073	0.533	0.678	0.623	122.670
SPI1	1	7	1	13	134.979	0.348	0.643	0.607	75.964
SPI1	2	7	2	12	179.633	0.699	0.616	0.568	103.164
SPI1	3	7	2	15	177.912	0.314	0.718	0.697	102.364
SPI1	0	8	1	15	213.751	0.478	0.672	0.621	122.511
SPI1	1	8	2	15	136.724	0.372	0.579	0.563	78.229
SPI1	2	8	2	13	180.579	0.654	0.618	0.564	101.217
SPI1	3	8	1	13	177.748	0.291	0.732	0.712	105.592
SPI1	0	9	3	10	215.747	0.501	0.660	0.624	123.858
SPI1	1	9	2	13	133.481	0.358	0.631	0.579	78.548
SPI1	2	9	3	12	182.650	0.689	0.616	0.572	100.939
SPI1	3	9	2	15	181.115	0.266	0.714	0.687	103.436
SPI1	0	10	2	14	214.208	0.616	0.674	0.614	126.373
SPI1	1	10	2	15	130.761	0.396	0.593	0.548	77.335
SPI1	2	10	3	14	182.556	0.723	0.616	0.560	105.017
SPI1	3	10	2	10	172.490	0.304	0.708	0.668	107.061
CEBPB	0	1	3	15	190.570	0.503	0.557	0.540	119.070
CEBPB	1	1	3	12	210.736	0.697	0.635	0.640	110.633
CEBPB	2	1	1	12	154.755	0.525	0.491	0.436	99.898
CEBPB	3	1	2	12	137.310	0.351	0.597	0.543	78.642
CEBPB	4	1	2	15	167.895	0.476	0.630	0.591	99.517
CEBPB	5	1	3	12	181.913	0.595	0.534	0.474	99.054
CEBPB	6	1	2	10	151.910	33.365	0.021	0.008	146.870
CEBPB	0	2	3	15	213.027	0.338	0.616	0.587	117.662
CEBPB	1	2	1	14	193.153	0.509	0.587	0.571	122.943
CEBPB	2	2	3	15	164.286	0.365	0.609	0.571	94.082
CEBPB	3	2	2	14	141.198	0.321	0.662	0.606	83.037
CEBPB	4	2	3	14	167.256	0.449	0.623	0.578	97.925
CEBPB	5	2	2	15	170.548	0.875	0.470	0.401	110.450
CEBPB	6	2	3	15	150.166	71.972	0.328	0.333	218.009
CEBPB	0	3	2	14	215.806	0.571	0.609	0.570	135.039
CEBPB	1	3	3	15	191.277	0.517	0.590	0.561	111.198
CEBPB	2	3	2	14	154.887	0.417	0.586	0.531	103.236
CEBPB	3	3	1	15	142.190	0.428	0.652	0.618	87.909
CEBPB	4	3	3	14	166.122	0.565	0.628	0.577	98.997
CEBPB	5	3	3	15	170.390	0.964	0.497	0.422	101.070
CEBPB	6	3	1	13	155.285	25.417	-0.108	-0.115	119.562
CEBPB	0	4	2	15	203.389	0.502	0.592	0.551	132.743
CEBPB	1	4	3	15	205.279	0.533	0.600	0.591	108.057
CEBPB	2	4	2	13	140.989	0.416	0.487	0.428	96.405
CEBPB	3	4	2	14	137.441	0.375	0.622	0.566	86.511
CEBPB	4	4	2	15	163.406	0.423	0.630	0.584	98.069
CEBPB	5	4	1	14	181.205	0.757	0.516	0.513	100.957
CEBPB	6	4	1	12	151.787	41.724	0.205	0.199	138.492
CEBPB	0	5	2	14	204.244	0.452	0.571	0.546	125.736
CEBPB	1	5	2	13	189.575	0.510	0.593	0.567	116.678
CEBPB	2	5	3	15	153.289	0.332	0.588	0.536	84.586
CEBPB	3	5	1	15	138.819	0.356	0.625	0.567	82.542
CEBPB	4	5	2	14	166.676	0.492	0.615	0.554	95.690
CEBPB	5	5	2	14	165.171	0.529	0.511	0.431	105.560
CEBPB	6	5	3	13	151.735	14.716	-0.029	-0.054	112.451
CEBPB	0	6	2	14	183.769	0.652	0.582	0.546	124.484
CEBPB	1	6	2	15	193.723	0.651	0.577	0.583	106.688
CEBPB	2	6	3	15	151.362	0.434	0.597	0.547	95.780
CEBPB	3	6	3	12	126.174	0.394	0.591	0.522	83.589
CEBPB	4	6	3	15	163.044	0.507	0.604	0.555	98.199
CEBPB	5	6	1	11	167.381	0.564	0.502	0.422	96.989
CEBPB	6	6	3	15	159.850	17.134	-0.250	-0.275	117.540
CEBPB	0	7	1	14	198.381	0.600	0.571	0.553	109.628
CEBPB	1	7	3	14	199.282	0.443	0.634	0.611	106.622
CEBPB	2	7	1	15	150.162	0.382	0.565	0.507	89.157
CEBPB	3	7	2	15	134.105	0.539	0.586	0.545	74.672
CEBPB	4	7	1	13	162.889	0.441	0.620	0.574	94.541
CEBPB	5	7	3	13	170.540	0.608	0.470	0.416	98.265
CEBPB	6	7	1	13	148.864	18.206	0.052	0.047	110.984
CEBPB	0	8	2	13	198.533	0.584	0.591	0.571	125.892
CEBPB	1	8	3	15	193.926	0.545	0.569	0.573	113.657
CEBPB	2	8	3	10	162.952	0.389	0.639	0.615	91.939
CEBPB	3	8	3	15	138.639	0.399	0.607	0.566	80.005
CEBPB	4	8	2	14	162.726	0.498	0.608	0.582	95.436
CEBPB	5	8	3	15	166.812	0.649	0.496	0.430	100.027
CEBPB	6	8	3	10	147.676	15.946	0.005	0.003	112.045
CEBPB	0	9	3	13	191.875	0.479	0.595	0.566	123.227
CEBPB	1	9	1	15	193.499	0.670	0.587	0.557	109.298
CEBPB	2	9	2	15	162.206	0.351	0.605	0.551	99.379
CEBPB	3	9	3	15	132.432	0.361	0.627	0.556	81.142
CEBPB	4	9	1	14	170.287	0.458	0.656	0.603	95.342
CEBPB	5	9	3	13	169.580	0.647	0.521	0.456	96.349
CEBPB	6	9	1	15	146.001	12.921	0.063	0.117	103.375
CEBPB	0	10	1	7	190.478	0.422	0.607	0.564	117.744
CEBPB	1	10	3	13	190.679	0.433	0.592	0.549	108.141
CEBPB	2	10	1	11	157.202	0.494	0.582	0.521	100.949
CEBPB	3	10	3	13	130.135	0.324	0.601	0.534	78.265
CEBPB	4	10	3	15	167.924	0.435	0.638	0.606	99.733
CEBPB	5	10	1	14	165.264	0.628	0.455	0.393	97.461
CEBPB	6	10	1	13	157.558	28.637	0.124	0.140	122.570
MAX	0	1	3	11	385.415	0.575	0.741	0.744	186.272
MAX	1	1	1	15	214.626	0.266	0.644	0.663	121.306
MAX	2	1	3	7	186.306	0.466	0.611	0.610	105.902
MAX	3	1	3	14	252.945	0.635	0.692	0.705	123.278
MAX	4	1	3	15	104.520	3.282	0.166	0.169	57.053
MAX	5	1	2	12	317.432	0.474	0.628	0.637	183.602
MAX	6	1	3	12	266.962	0.431	0.650	0.634	150.654
MAX	0	2	1	15	383.158	0.671	0.761	0.760	210.707
MAX	1	2	1	15	219.153	0.295	0.672	0.681	123.770
MAX	2	2	1	13	206.307	0.287	0.678	0.675	106.185
MAX	3	2	3	14	243.445	0.503	0.690	0.706	139.726
MAX	4	2	3	14	106.749	2.355	0.254	0.280	53.747
MAX	5	2	2	15	313.988	0.585	0.641	0.642	189.862
MAX	6	2	3	14	275.281	0.375	0.687	0.676	156.720
MAX	0	3	1	11	355.644	0.709	0.749	0.744	210.404
MAX	1	3	2	14	211.068	0.300	0.677	0.696	127.596
MAX	2	3	3	9	209.070	0.464	0.613	0.687	122.557
MAX	3	3	2	11	226.303	0.686	0.683	0.684	133.892
MAX	4	3	3	15	101.537	3.876	0.194	0.218	59.976
MAX	5	3	3	13	304.427	0.449	0.614	0.621	196.225
MAX	6	3	1	10	261.630	0.388	0.686	0.686	163.325
MAX	0	4	1	14	368.891	0.972	0.676	0.692	191.328
MAX	1	4	3	15	209.975	0.264	0.619	0.627	123.738
MAX	2	4	3	7	202.159	0.286	0.652	0.665	117.981
MAX	3	4	1	12	245.460	0.887	0.676	0.686	124.575
MAX	4	4	1	15	101.477	2.660	0.239	0.240	55.820
MAX	5	4	2	15	298.208	0.498	0.637	0.641	188.390
MAX	6	4	3	12	256.516	0.340	0.678	0.662	155.619
MAX	0	5	1	13	377.972	0.657	0.723	0.727	196.309
MAX	1	5	3	14	216.722	0.259	0.681	0.691	121.409
MAX	2	5	3	8	202.728	0.368	0.640	0.647	116.465
MAX	3	5	3	15	240.311	0.495	0.691	0.708	134.213
MAX	4	5	2	15	103.046	1.694	0.285	0.320	51.485
MAX	5	5	3	13	308.327	0.563	0.633	0.641	181.332
MAX	6	5	2	14	263.819	0.406	0.655	0.654	150.423
MAX	0	6	1	14	364.968	0.518	0.752	0.751	202.250
MAX	1	6	3	15	215.085	0.306	0.668	0.666	122.580
MAX	2	6	1	12	188.251	0.328	0.627	0.638	116.066
MAX	3	6	3	13	239.234	0.798	0.709	0.710	130.157
MAX	4	6	1	15	100.139	3.020	0.181	0.199	57.959
MAX	5	6	3	15	292.532	0.402	0.665	0.667	183.588
MAX	6	6	3	14	254.376	0.375	0.665	0.667	155.168
MAX	0	7	2	9	357.400	0.709	0.691	0.698	193.603
MAX	1	7	2	15	212.240	0.381	0.647	0.646	121.493
MAX	2	7	1	11	194.509	0.441	0.625	0.649	102.438
MAX	3	7	2	15	235.620	0.602	0.663	0.669	130.076
MAX	4	7	1	14	98.970	1.035	0.327	0.321	53.980
MAX	5	7	2	15	300.722	0.390	0.646	0.653	177.351
MAX	6	7	2	11	257.226	0.413	0.685	0.676	150.055
MAX	0	8	3	14	374.973	0.870	0.726	0.728	194.064
MAX	1	8	3	15	215.585	0.279	0.670	0.683	123.746
MAX	2	8	1	11	197.053	0.380	0.645	0.675	109.970
MAX	3	8	3	15	236.690	0.694	0.676	0.699	127.778
MAX	4	8	1	15	104.665	2.392	0.241	0.264	54.072
MAX	5	8	1	14	310.715	0.736	0.661	0.670	185.742
MAX	6	8	3	12	267.460	0.314	0.667	0.657	150.944
MAX	0	9	1	15	365.903	0.899	0.724	0.736	200.366
MAX	1	9	1	14	219.149	0.246	0.675	0.687	122.834
MAX	2	9	3	15	186.976	0.341	0.649	0.646	108.748
MAX	3	9	2	14	234.636	0.613	0.686	0.682	128.764
MAX	4	9	1	15	105.940	2.520	0.209	0.226	54.329
MAX	5	9	1	15	311.740	0.505	0.617	0.618	184.728
MAX	6	9	1	14	267.867	0.328	0.678	0.681	155.804
MAX	0	10	2	14	345.180	0.645	0.709	0.701	198.256
MAX	1	10	3	14	207.358	0.243	0.672	0.674	125.605
MAX	2	10	1	15	185.897	0.352	0.639	0.639	105.781
MAX	3	10	1	13	224.153	0.529	0.690	0.680	126.029
MAX	4	10	2	14	100.359	1.483	0.333	0.348	54.318
MAX	5	10	2	15	291.687	0.430	0.616	0.617	188.987
MAX	6	10	1	9	249.397	0.449	0.661	0.641	156.841
GABPA	0	1	2	14	259.567	0.729	0.615	0.639	129.659
GABPA	1	1	3	15	228.088	0.376	0.609	0.581	132.658
GABPA	2	1	3	15	568.768	4.933	0.356	0.420	401.936
GABPA	3	1	3	15	396.255	0.978	0.697	0.709	190.379
GABPA	4	1	3	14	412.893	0.918	0.577	0.574	235.906
GABPA	5	1	2	15	275.862	3.298	0.287	0.334	153.551
GABPA	6	1	3	10	319.463	0.578	0.808	0.776	168.487
GABPA	7	1	1	15	494.890	10.606	0.374	0.463	290.836
GABPA	8	1	1	15	481.035	1.485	0.560	0.601	256.991
GABPA	0	2	3	9	262.283	0.842	0.540	0.547	140.643
GABPA	1	2	3	15	233.336	0.458	0.490	0.520	130.372
GABPA	2	2	3	15	645.209	29.897	0.136	0.135	402.453
GABPA	3	2	3	14	408.259	1.742	0.633	0.649	212.581
GABPA	4	2	1	8	497.052	1.107	0.559	0.599	241.979
GABPA	5	2	2	15	291.812	4.541	0.259	0.363	155.295
GABPA	6	2	2	15	359.968	1.037	0.719	0.754	183.816
GABPA	7	2	2	15	593.514	23.880	0.266	0.266	385.108
GABPA	8	2	1	15	487.807	2.551	0.344	0.368	270.855
GABPA	0	3	1	15	271.128	0.631	0.686	0.694	136.809
GABPA	1	3	3	14	237.258	0.342	0.591	0.612	132.574
GABPA	2	3	2	15	888.305	182.130	-0.200	-0.134	1022.948
GABPA	3	3	3	14	387.362	1.360	0.677	0.699	212.287
GABPA	4	3	2	12	438.756	0.950	0.603	0.584	267.310
GABPA	5	3	1	15	271.362	3.155	0.306	0.377	165.527
GABPA	6	3	3	10	318.916	0.614	0.805	0.778	201.514
GABPA	7	3	1	15	519.144	1.410	0.810	0.846	322.049
GABPA	8	3	2	15	472.760	0.840	0.701	0.733	270.058
GABPA	0	4	2	14	245.751	0.765	0.611	0.614	146.942
GABPA	1	4	2	14	223.998	0.380	0.551	0.609	134.863
GABPA	2	4	3	15	512.896	28.761	0.175	0.263	424.923
GABPA	3	4	2	15	367.123	1.405	0.574	0.622	199.278
GABPA	4	4	3	15	382.887	1.579	0.673	0.642	230.021
GABPA	5	4	2	15	257.707	1.214	0.474	0.547	152.120
GABPA	6	4	1	13	307.100	0.703	0.789	0.758	178.792
GABPA	7	4	1	14	422.417	1.411	0.761	0.804	270.793
GABPA	8	4	2	14	443.696	1.061	0.659	0.692	247.625
GABPA	0	5	2	14	272.792	1.082	0.626	0.632	132.963
GABPA	1	5	2	14	232.377	0.282	0.617	0.624	125.957
GABPA	2	5	2	15	699.260	41.199	0.333	0.352	482.651
GABPA	3	5	3	14	419.876	0.823	0.761	0.734	189.892
GABPA	4	5	1	15	482.128	1.422	0.410	0.465	231.985
GABPA	5	5	2	13	288.738	0.669	0.610	0.629	142.084
GABPA	6	5	3	14	326.126	0.640	0.815	0.796	172.187
GABPA	7	5	2	15	519.991	10.315	0.369	0.386	295.382
GABPA	8	5	2	8	481.699	0.900	0.679	0.702	243.667
GABPA	0	6	1	14	248.391	0.788	0.685	0.668	147.971
GABPA	1	6	3	15	224.371	0.329	0.569	0.591	133.470
GABPA	2	6	2	15	585.631	33.188	0.023	0.053	605.927
GABPA	3	6	2	15	384.344	0.921	0.729	0.725	216.095
GABPA	4	6	2	10	504.931	3.112	0.027	0.084	328.907
GABPA	5	6	2	15	256.487	1.404	0.542	0.562	151.717
GABPA	6	6	3	13	300.510	0.715	0.810	0.783	183.049
GABPA	7	6	2	15	395.105	0.780	0.824	0.840	268.452
GABPA	8	6	3	13	438.480	1.116	0.679	0.703	259.717
GABPA	0	7	2	14	245.604	0.712	0.649	0.673	132.511
GABPA	1	7	2	15	226.010	0.452	0.474	0.515	124.235
GABPA	2	7	1	15	599.501	27.873	0.101	0.217	366.891
GABPA	3	7	2	15	382.650	1.138	0.660	0.667	197.470
GABPA	4	7	2	15	404.798	0.948	0.628	0.617	225.124
GABPA	5	7	3	15	264.226	2.143	0.347	0.406	143.872
GABPA	6	7	1	14	296.511	0.638	0.784	0.767	170.620
GABPA	7	7	1	13	439.635	1.056	0.799	0.853	221.825
GABPA	8	7	2	12	442.555	1.241	0.626	0.665	231.321
GABPA	0	8	3	10	270.771	0.799	0.549	0.558	133.154
GABPA	1	8	2	14	230.191	0.347	0.599	0.597	123.902
GABPA	2	8	3	15	756.876	104.349	0.239	0.235	831.824
GABPA	3	8	3	14	399.365	1.133	0.735	0.715	194.954
GABPA	4	8	3	15	480.564	1.595	0.388	0.433	232.126
GABPA	5	8	3	14	278.476	0.874	0.569	0.597	149.714
GABPA	6	8	3	14	332.307	0.703	0.812	0.783	168.707
GABPA	7	8	1	15	593.237	2.728	0.669	0.690	251.864
GABPA	8	8	3	15	482.502	0.905	0.711	0.725	240.361
GABPA	0	9	2	15	274.722	1.176	0.537	0.544	148.943
GABPA	1	9	1	15	233.365	0.367	0.496	0.525	130.145
GABPA	2	9	2	15	621.327	56.215	0.082	0.097	583.839
GABPA	3	9	1	15	388.980	1.008	0.742	0.718	206.323
GABPA	4	9	3	14	441.602	1.490	0.486	0.501	259.534
GABPA	5	9	3	15	278.907	1.893	0.423	0.498	153.456
GABPA	6	9	2	13	309.214	0.585	0.814	0.793	182.104
GABPA	7	9	1	10	512.858	0.871	0.833	0.881	314.244
GABPA	8	9	3	14	445.698	0.954	0.712	0.742	267.832
GABPA	0	10	2	14	246.243	0.611	0.677	0.681	149.972
GABPA	1	10	2	12	229.367	0.366	0.516	0.538	131.193
GABPA	2	10	2	15	667.105	15.054	0.168	0.194	370.861
GABPA	3	10	2	14	377.743	0.874	0.733	0.714	198.995
GABPA	4	10	1	14	430.589	1.032	0.552	0.569	259.599
GABPA	5	10	2	13	262.372	2.305	0.353	0.394	158.386
GABPA	6	10	1	15	292.090	0.510	0.813	0.762	174.268
GABPA	7	10	2	15	421.566	1.076	0.792	0.816	264.524
GABPA	8	10	3	15	453.587	0.878	0.681	0.748	243.824
MAFK	0	1	2	15	274.011	0.615	0.540	0.493	167.065
MAFK	1	1	2	11	164.813	0.326	0.601	0.551	104.467
MAFK	2	1	3	15	356.016	0.377	0.618	0.632	204.779
MAFK	3	1	2	9	132.130	0.227	0.603	0.552	83.756
MAFK	4	1	1	15	162.120	0.342	0.756	0.686	98.998
MAFK	5	1	2	15	173.825	0.334	0.695	0.626	106.961
MAFK	6	1	3	15	234.123	0.532	0.605	0.562	130.554
MAFK	7	1	2	10	287.052	0.196	0.741	0.690	211.393
MAFK	8	1	1	14	285.737	0.397	0.616	0.573	179.941
MAFK	0	2	2	15	269.769	0.709	0.441	0.412	170.577
MAFK	1	2	1	14	166.007	0.328	0.566	0.511	102.760
MAFK	2	2	3	15	323.840	0.332	0.547	0.514	216.431
MAFK	3	2	2	15	148.909	0.218	0.651	0.622	83.379
MAFK	4	2	1	15	180.598	0.287	0.761	0.703	99.840
MAFK	5	2	1	14	169.911	0.334	0.706	0.614	105.320
MAFK	6	2	3	15	207.449	0.399	0.562	0.500	144.744
MAFK	7	2	3	13	309.873	0.180	0.776	0.761	191.268
MAFK	8	2	1	14	268.612	0.925	0.387	0.355	180.942
MAFK	0	3	1	15	267.758	0.502	0.572	0.529	169.968
MAFK	1	3	2	15	163.923	0.327	0.619	0.553	103.865
MAFK	2	3	1	15	345.231	0.427	0.598	0.591	195.409
MAFK	3	3	1	15	147.488	0.269	0.680	0.654	99.145
MAFK	4	3	1	15	175.289	0.265	0.773	0.710	117.834
MAFK	5	3	1	15	171.141	0.335	0.710	0.633	105.139
MAFK	6	3	3	15	206.719	0.442	0.624	0.539	128.484
MAFK	7	3	1	12	291.494	0.143	0.786	0.750	218.182
MAFK	8	3	2	15	334.430	1.759	0.486	0.579	175.179
MAFK	0	4	2	15	276.370	0.482	0.570	0.519	161.644
MAFK	1	4	1	12	168.981	0.398	0.534	0.521	102.482
MAFK	2	4	2	14	325.192	0.449	0.607	0.586	214.593
MAFK	3	4	2	12	142.346	0.210	0.692	0.664	96.530
MAFK	4	4	2	15	172.803	0.278	0.776	0.717	111.910
MAFK	5	4	3	12	171.236	0.340	0.714	0.633	105.072
MAFK	6	4	1	13	228.666	0.675	0.623	0.641	126.996
MAFK	7	4	1	14	257.558	0.161	0.736	0.686	201.201
MAFK	8	4	1	13	264.567	0.402	0.563	0.495	227.746
MAFK	0	5	3	15	266.716	0.375	0.571	0.534	171.074
MAFK	1	5	2	13	173.745	0.409	0.597	0.555	101.217
MAFK	2	5	1	12	351.731	0.680	0.594	0.653	193.407
MAFK	3	5	2	11	143.923	0.221	0.696	0.669	90.799
MAFK	4	5	3	15	171.317	0.280	0.787	0.727	107.581
MAFK	5	5	1	14	171.892	0.348	0.703	0.645	104.786
MAFK	6	5	2	15	213.515	0.695	0.597	0.576	138.257
MAFK	7	5	3	15	298.337	0.162	0.775	0.727	168.038
MAFK	8	5	2	15	285.829	0.377	0.604	0.608	168.812
MAFK	0	6	2	14	269.407	0.319	0.631	0.584	165.685
MAFK	1	6	2	13	164.215	0.405	0.578	0.491	107.396
MAFK	2	6	2	15	336.297	0.383	0.636	0.614	217.400
MAFK	3	6	3	13	127.357	0.224	0.632	0.594	92.651
MAFK	4	6	1	14	156.287	0.236	0.784	0.715	107.968
MAFK	5	6	2	14	170.276	0.308	0.724	0.641	104.744
MAFK	6	6	1	15	202.206	0.407	0.626	0.546	129.259
MAFK	7	6	1	14	282.050	0.169	0.769	0.745	203.459
MAFK	8	6	1	13	269.557	0.375	0.632	0.561	186.521
MAFK	0	7	1	11	271.723	0.414	0.566	0.545	168.006
MAFK	1	7	3	15	174.356	0.452	0.577	0.527	100.870
MAFK	2	7	2	14	331.364	0.288	0.608	0.595	199.914
MAFK	3	7	3	11	135.623	0.249	0.663	0.624	79.990
MAFK	4	7	1	15	164.820	0.294	0.756	0.700	96.639
MAFK	5	7	1	13	170.888	0.299	0.728	0.632	104.681
MAFK	6	7	2	15	220.392	0.471	0.613	0.549	123.405
MAFK	7	7	1	14	288.389	0.156	0.784	0.729	185.905
MAFK	8	7	3	14	281.451	0.316	0.642	0.534	168.175
MAFK	0	8	1	14	276.009	0.504	0.344	0.382	163.321
MAFK	1	8	1	14	173.191	0.765	0.470	0.520	108.204
MAFK	2	8	1	15	355.427	0.339	0.641	0.642	200.972
MAFK	3	8	2	14	135.751	0.281	0.600	0.559	86.167
MAFK	4	8	1	15	158.655	0.287	0.751	0.693	102.935
MAFK	5	8	2	13	167.089	0.340	0.696	0.612	104.430
MAFK	6	8	1	13	207.528	0.519	0.592	0.547	134.179
MAFK	7	8	2	15	303.976	0.682	0.575	0.758	193.592
MAFK	8	8	1	13	279.808	0.895	0.487	0.562	185.274
MAFK	0	9	1	15	268.963	0.312	0.630	0.589	165.144
MAFK	1	9	1	14	168.207	0.356	0.523	0.488	102.863
MAFK	2	9	1	15	356.364	0.388	0.630	0.652	213.860
MAFK	3	9	2	15	130.347	0.220	0.632	0.602	83.194
MAFK	4	9	1	15	160.689	0.249	0.759	0.699	95.850
MAFK	5	9	1	13	171.840	0.321	0.692	0.627	103.025
MAFK	6	9	2	15	204.409	0.448	0.572	0.494	126.225
MAFK	7	9	3	15	307.030	0.162	0.802	0.764	205.867
MAFK	8	9	2	13	280.421	0.345	0.642	0.608	175.232
MAFK	0	10	3	14	272.994	0.523	0.522	0.488	163.893
MAFK	1	10	3	11	165.664	0.339	0.606	0.541	103.661
MAFK	2	10	2	14	336.150	0.322	0.609	0.587	216.303
MAFK	3	10	1	15	128.725	0.186	0.670	0.623	82.781
MAFK	4	10	3	14	157.742	0.277	0.767	0.688	100.226
MAFK	5	10	2	14	172.510	0.308	0.737	0.636	104.958
MAFK	6	10	3	15	210.255	0.397	0.609	0.519	124.644
MAFK	7	10	2	6	302.354	0.159	0.782	0.731	211.440
MAFK	8	10	2	15	281.105	0.322	0.645	0.599	182.555
JUND	0	1	2	8	210.813	0.337	0.645	0.630	114.304
JUND	1	1	2	14	339.937	1.030	0.332	0.355	177.058
JUND	2	1	1	13	242.442	1.004	0.458	0.456	146.115
JUND	3	1	1	14	278.852	0.463	0.781	0.798	160.908
JUND	4	1	2	15	263.025	0.400	0.745	0.750	157.539
JUND	5	1	1	14	182.042	0.524	0.598	0.575	107.222
JUND	6	1	3	15	209.919	1.492	0.460	0.466	136.015
JUND	7	1	3	15	173.306	0.561	0.468	0.478	98.796
JUND	8	1	1	15	199.839	0.390	0.545	0.523	112.429
JUND	9	1	2	15	132.520	0.576	0.558	0.482	77.983
JUND	10	1	3	13	255.781	0.572	0.577	0.560	131.324
JUND	11	1	2	14	174.932	0.334	0.611	0.586	103.124
JUND	12	1	3	15	246.616	0.409	0.522	0.517	143.399
JUND	13	1	3	14	231.290	0.447	0.545	0.535	136.817
JUND	0	2	1	14	240.714	0.426	0.690	0.684	118.572
JUND	1	2	3	14	344.361	0.875	0.350	0.359	199.262
JUND	2	2	1	14	274.215	0.528	0.565	0.561	134.311
JUND	3	2	1	15	281.072	0.725	0.806	0.817	162.314
JUND	4	2	1	15	266.831	0.401	0.711	0.716	159.164
JUND	5	2	1	15	167.294	1.750	0.262	0.261	107.671
JUND	6	2	1	14	181.216	1.457	0.316	0.364	125.399
JUND	7	2	1	10	173.658	0.624	0.401	0.431	100.402
JUND	8	2	1	12	195.569	0.420	0.556	0.503	117.410
JUND	9	2	1	15	143.509	0.341	0.615	0.580	79.837
JUND	10	2	2	13	236.866	0.646	0.531	0.515	149.500
JUND	11	2	2	15	181.494	0.366	0.607	0.600	105.167
JUND	12	2	2	14	236.000	0.434	0.489	0.499	149.798
JUND	13	2	3	12	226.434	0.474	0.541	0.526	139.284
JUND	0	3	3	14	234.955	0.546	0.692	0.691	139.434
JUND	1	3	3	13	315.762	0.870	0.407	0.423	195.426
JUND	2	3	1	15	248.519	0.575	0.477	0.470	157.553
JUND	3	3	3	15	258.248	0.557	0.762	0.772	158.101
JUND	4	3	2	14	259.107	0.500	0.707	0.705	161.616
JUND	5	3	3	15	203.481	4.604	0.509	0.470	105.505
JUND	6	3	3	15	224.252	0.800	0.651	0.694	104.517
JUND	7	3	2	13	164.970	0.359	0.543	0.539	102.673
JUND	8	3	3	14	191.562	0.425	0.502	0.476	115.622
JUND	9	3	3	15	144.166	0.536	0.574	0.544	89.496
JUND	10	3	2	15	227.752	0.560	0.558	0.537	136.370
JUND	11	3	1	12	173.775	0.291	0.592	0.570	110.145
JUND	12	3	2	13	232.819	0.478	0.512	0.535	145.263
JUND	13	3	1	14	223.536	0.488	0.546	0.541	137.415
JUND	0	4	2	13	223.159	0.376	0.699	0.695	134.899
JUND	1	4	3	15	353.189	1.089	0.255	0.278	180.483
JUND	2	4	3	13	212.064	0.564	0.423	0.417	140.893
JUND	3	4	2	10	254.667	0.406	0.756	0.759	149.054
JUND	4	4	1	14	253.434	0.663	0.590	0.593	156.721
JUND	5	4	3	15	158.071	4.938	0.129	0.188	154.845
JUND	6	4	2	15	194.920	1.010	0.581	0.592	136.337
JUND	7	4	2	15	168.378	0.430	0.522	0.528	98.746
JUND	8	4	3	14	196.456	0.492	0.494	0.475	116.998
JUND	9	4	3	15	138.581	0.424	0.606	0.565	89.308
JUND	10	4	1	14	252.693	0.778	0.580	0.580	130.716
JUND	11	4	2	12	168.660	0.378	0.595	0.551	105.352
JUND	12	4	3	14	234.782	0.447	0.502	0.510	143.296
JUND	13	4	2	10	223.703	0.553	0.553	0.536	136.509
JUND	0	5	2	15	224.935	0.398	0.682	0.674	125.467
JUND	1	5	3	15	337.152	1.293	0.243	0.294	199.472
JUND	2	5	3	12	251.942	0.503	0.425	0.437	117.187
JUND	3	5	1	13	259.074	0.446	0.780	0.788	143.587
JUND	4	5	3	15	263.365	0.377	0.689	0.719	148.199
JUND	5	5	2	15	172.874	0.827	0.419	0.426	93.054
JUND	6	5	1	14	209.460	1.990	0.332	0.329	113.598
JUND	7	5	3	15	171.884	0.452	0.478	0.444	96.364
JUND	8	5	1	10	197.027	0.735	0.456	0.472	114.615
JUND	9	5	2	15	135.114	0.531	0.546	0.508	83.800
JUND	10	5	3	14	231.741	0.620	0.533	0.510	142.101
JUND	11	5	2	14	174.120	0.360	0.615	0.564	100.071
JUND	12	5	1	13	235.463	0.570	0.520	0.508	141.958
JUND	13	5	2	15	223.164	0.453	0.550	0.535	134.686
JUND	0	6	3	12	192.973	0.462	0.614	0.615	127.339
JUND	1	6	1	14	329.131	1.179	0.315	0.343	195.755
JUND	2	6	3	14	243.321	0.589	0.568	0.569	141.300
JUND	3	6	2	14	238.045	0.547	0.709	0.701	146.181
JUND	4	6	3	15	255.797	0.342	0.722	0.715	158.551
JUND	5	6	3	15	176.827	2.093	0.356	0.365	108.492
JUND	6	6	2	15	190.278	0.908	0.516	0.519	129.170
JUND	7	6	2	14	166.898	0.384	0.558	0.558	100.086
JUND	8	6	3	14	190.911	0.638	0.526	0.488	115.591
JUND	9	6	1	15	122.051	0.451	0.559	0.493	81.831
JUND	10	6	2	11	223.891	0.744	0.553	0.515	132.437
JUND	11	6	3	13	166.367	0.335	0.611	0.575	103.195
JUND	12	6	2	15	236.237	0.493	0.452	0.458	142.861
JUND	13	6	1	13	219.776	0.479	0.552	0.545	134.532
JUND	0	7	1	12	216.368	0.558	0.663	0.671	107.257
JUND	1	7	3	15	323.030	1.123	0.348	0.395	181.386
JUND	2	7	1	12	238.282	0.527	0.507	0.500	134.013
JUND	3	7	2	15	255.369	0.503	0.759	0.769	134.611
JUND	4	7	1	14	278.112	0.504	0.755	0.765	151.839
JUND	5	7	1	15	190.085	1.092	0.381	0.391	102.933
JUND	6	7	1	15	205.321	0.494	0.607	0.634	109.850
JUND	7	7	3	12	173.533	0.680	0.516	0.543	92.989
JUND	8	7	1	10	191.159	0.547	0.474	0.460	113.888
JUND	9	7	3	15	132.768	0.444	0.563	0.511	74.405
JUND	10	7	3	14	236.391	0.674	0.580	0.549	126.506
JUND	11	7	3	15	186.991	0.431	0.611	0.592	99.905
JUND	12	7	3	15	243.700	0.456	0.550	0.508	142.422
JUND	13	7	2	14	225.581	0.349	0.539	0.527	132.795
JUND	0	8	3	15	224.097	0.340	0.670	0.674	122.868
JUND	1	8	1	15	339.084	0.798	0.307	0.334	188.275
JUND	2	8	1	15	279.525	0.545	0.522	0.533	133.582
JUND	3	8	3	15	282.730	0.713	0.798	0.822	144.437
JUND	4	8	1	14	274.901	0.598	0.749	0.763	167.775
JUND	5	8	2	15	185.784	1.956	0.434	0.422	112.021
JUND	6	8	2	15	222.817	1.265	0.565	0.594	118.173
JUND	7	8	2	15	182.946	0.443	0.540	0.526	103.541
JUND	8	8	2	15	196.817	0.422	0.529	0.482	113.522
JUND	9	8	1	15	135.797	0.503	0.567	0.501	80.603
JUND	10	8	3	14	231.821	0.851	0.525	0.515	135.370
JUND	11	8	2	15	186.355	0.466	0.596	0.605	113.602
JUND	12	8	3	14	239.715	0.350	0.532	0.538	147.814
JUND	13	8	1	15	219.417	0.358	0.588	0.589	135.728
JUND	0	9	1	15	204.144	0.384	0.594	0.579	125.055
JUND	1	9	3	15	323.925	1.086	0.261	0.282	191.449
JUND	2	9	1	14	265.173	0.592	0.483	0.503	154.059
JUND	3	9	1	15	265.552	0.743	0.755	0.770	160.892
JUND	4	9	1	15	259.622	0.319	0.699	0.705	162.456
JUND	5	9	1	15	175.798	1.932	0.258	0.296	110.054
JUND	6	9	1	15	212.808	0.731	0.525	0.537	129.910
JUND	7	9	3	14	167.476	0.573	0.479	0.449	106.681
JUND	8	9	1	10	195.772	0.403	0.475	0.444	113.526
JUND	9	9	3	15	129.982	0.555	0.501	0.414	79.606
JUND	10	9	3	10	226.914	0.499	0.537	0.536	130.740
JUND	11	9	3	15	171.160	0.341	0.603	0.588	110.325
JUND	12	9	2	15	240.464	0.651	0.481	0.496	145.728
JUND	13	9	1	15	226.771	0.502	0.532	0.527	129.163
JUND	0	10	1	13	201.347	0.385	0.612	0.607	115.317
JUND	1	10	3	15	310.903	0.979	0.340	0.358	182.227
JUND	2	10	1	14	255.322	0.464	0.516	0.487	150.748
JUND	3	10	3	15	275.185	0.573	0.800	0.809	149.885
JUND	4	10	2	15	265.060	0.482	0.743	0.740	154.588
JUND	5	10	1	15	184.371	1.637	0.326	0.324	102.331
JUND	6	10	3	15	221.425	2.059	0.335	0.342	129.713
JUND	7	10	1	15	165.255	0.396	0.554	0.517	98.157
JUND	8	10	2	15	188.374	0.539	0.434	0.391	117.171
JUND	9	10	1	15	127.861	0.368	0.535	0.477	77.141
JUND	10	10	2	13	228.280	0.628	0.537	0.512	128.355
JUND	11	10	3	12	171.434	0.309	0.562	0.565	101.195
JUND	12	10	3	10	230.852	0.585	0.457	0.462	146.469
JUND	13	10	1	13	221.438	0.339	0.536	0.532	136.582
NR3C1-reddytime	0	1	1	15	161.584	22.519	0.359	0.309	158.008
NR3C1-reddytime	1	1	1	15	202.171	0.955	0.428	0.424	121.551
NR3C1-reddytime	2	1	2	14	177.168	1.022	0.524	0.515	113.261
NR3C1-reddytime	3	1	3	13	200.604	0.774	0.563	0.584	121.456
NR3C1-reddytime	4	1	1	15	196.048	0.971	0.465	0.432	114.106
NR3C1-reddytime	5	1	2	15	235.222	0.480	0.526	0.534	160.051
NR3C1-reddytime	6	1	3	15	177.545	0.734	0.318	0.354	126.661
NR3C1-reddytime	7	1	1	15	225.730	0.627	0.463	0.460	151.165
NR3C1-reddytime	8	1	1	13	214.907	0.409	0.491	0.497	151.604
NR3C1-reddytime	9	1	2	15	212.442	20.928	-0.037	-0.036	166.547
NR3C1-reddytime	10	1	3	13	201.531	0.591	0.574	0.610	136.791
NR3C1-reddytime	11	1	3	15	191.996	0.816	0.343	0.362	134.013
NR3C1-reddytime	12	1	3	14	232.674	0.566	0.622	0.618	151.901
NR3C1-reddytime	13	1	2	15	219.367	0.897	0.520	0.525	146.218
NR3C1-reddytime	14	1	3	14	229.139	0.465	0.607	0.621	152.085
NR3C1-reddytime	15	1	1	15	201.001	0.632	0.415	0.443	135.469
NR3C1-reddytime	0	2	3	14	184.020	56.423	0.217	0.093	119.995
NR3C1-reddytime	1	2	3	15	216.235	1.167	0.507	0.476	112.244
NR3C1-reddytime	2	2	2	15	194.902	0.742	0.565	0.530	99.705
NR3C1-reddytime	3	2	2	15	204.500	1.251	0.479	0.472	110.637
NR3C1-reddytime	4	2	3	14	225.741	0.934	0.529	0.505	104.452
NR3C1-reddytime	5	2	2	12	277.591	0.560	0.623	0.648	145.756
NR3C1-reddytime	6	2	2	15	205.260	1.605	0.422	0.442	103.841
NR3C1-reddytime	7	2	3	15	252.904	0.753	0.529	0.538	134.825
NR3C1-reddytime	8	2	3	14	242.991	0.433	0.611	0.579	129.914
NR3C1-reddytime	9	2	1	15	235.828	48.724	-0.014	-0.014	147.645
NR3C1-reddytime	10	2	1	13	229.299	0.589	0.658	0.681	116.891
NR3C1-reddytime	11	2	2	14	217.414	0.681	0.496	0.525	112.569
NR3C1-reddytime	12	2	3	10	262.647	0.591	0.653	0.664	135.693
NR3C1-reddytime	13	2	3	15	241.772	0.611	0.566	0.562	128.866
NR3C1-reddytime	14	2	2	14	256.073	0.497	0.675	0.673	133.215
NR3C1-reddytime	15	2	2	12	224.594	0.759	0.492	0.517	118.695
NR3C1-reddytime	0	3	2	13	182.011	11.451	0.306	0.340	118.927
NR3C1-reddytime	1	3	3	15	208.768	0.748	0.463	0.410	123.443
NR3C1-reddytime	2	3	2	12	190.224	0.708	0.576	0.564	114.584
NR3C1-reddytime	3	3	1	13	202.922	0.995	0.556	0.521	115.124
NR3C1-reddytime	4	3	1	13	216.940	1.366	0.559	0.503	125.970
NR3C1-reddytime	5	3	2	15	258.874	0.403	0.622	0.642	163.714
NR3C1-reddytime	6	3	3	9	199.472	0.681	0.399	0.403	129.039
NR3C1-reddytime	7	3	3	8	257.195	0.661	0.527	0.527	159.277
NR3C1-reddytime	8	3	3	13	234.530	0.595	0.591	0.591	150.848
NR3C1-reddytime	9	3	2	15	230.706	11.894	0.393	0.400	159.278
NR3C1-reddytime	10	3	3	15	225.013	0.595	0.616	0.626	138.274
NR3C1-reddytime	11	3	1	10	216.848	0.738	0.503	0.503	135.200
NR3C1-reddytime	12	3	2	15	249.824	0.734	0.653	0.657	158.675
NR3C1-reddytime	13	3	2	15	237.897	0.964	0.475	0.475	146.243
NR3C1-reddytime	14	3	1	15	245.910	0.578	0.668	0.665	154.040
NR3C1-reddytime	15	3	3	10	243.723	0.700	0.508	0.506	146.852
NR3C1-reddytime	0	4	3	15	153.720	1.612	0.386	0.320	101.711
NR3C1-reddytime	1	4	2	15	189.325	1.551	0.415	0.418	116.443
NR3C1-reddytime	2	4	3	14	166.864	1.413	0.480	0.456	109.514
NR3C1-reddytime	3	4	1	11	199.637	1.498	0.537	0.536	115.772
NR3C1-reddytime	4	4	1	13	185.003	1.091	0.399	0.373	114.251
NR3C1-reddytime	5	4	2	15	230.873	0.691	0.430	0.442	158.226
NR3C1-reddytime	6	4	3	15	183.782	1.610	0.235	0.244	119.744
NR3C1-reddytime	7	4	3	10	217.831	1.123	0.461	0.476	143.726
NR3C1-reddytime	8	4	2	10	211.522	0.766	0.505	0.519	143.660
NR3C1-reddytime	9	4	3	14	201.242	5.982	0.241	0.275	140.188
NR3C1-reddytime	10	4	1	15	195.939	0.710	0.515	0.530	131.874
NR3C1-reddytime	11	4	1	10	195.126	1.195	0.333	0.354	131.690
NR3C1-reddytime	12	4	1	15	223.166	0.582	0.574	0.554	146.761
NR3C1-reddytime	13	4	3	14	209.502	0.787	0.551	0.546	141.659
NR3C1-reddytime	14	4	3	11	219.213	0.843	0.604	0.624	145.502
NR3C1-reddytime	15	4	1	11	194.478	1.219	0.394	0.407	128.640
NR3C1-reddytime	0	5	2	15	200.376	74.513	0.501	0.634	96.592
NR3C1-reddytime	1	5	2	13	215.320	1.328	0.400	0.422	101.218
NR3C1-reddytime	2	5	3	14	198.666	1.056	0.559	0.538	93.732
NR3C1-reddytime	3	5	3	12	202.268	0.899	0.542	0.556	109.292
NR3C1-reddytime	4	5	1	13	224.061	1.158	0.459	0.428	97.649
NR3C1-reddytime	5	5	3	15	255.617	0.378	0.522	0.524	121.535
NR3C1-reddytime	6	5	1	15	204.713	1.579	0.208	0.230	108.366
NR3C1-reddytime	7	5	2	15	246.840	0.612	0.527	0.547	127.471
NR3C1-reddytime	8	5	2	15	236.590	0.357	0.528	0.579	122.100
NR3C1-reddytime	9	5	2	13	243.231	32.169	0.220	0.175	137.833
NR3C1-reddytime	10	5	3	12	223.200	0.526	0.597	0.614	107.450
NR3C1-reddytime	11	5	1	15	219.510	0.549	0.421	0.430	114.053
NR3C1-reddytime	12	5	1	15	251.151	0.392	0.624	0.645	128.069
NR3C1-reddytime	13	5	2	15	240.091	0.578	0.587	0.593	118.717
NR3C1-reddytime	14	5	2	12	247.865	0.467	0.609	0.608	124.115
NR3C1-reddytime	15	5	1	11	227.169	0.587	0.436	0.476	116.975
NR3C1-reddytime	0	6	3	14	182.925	55.873	-0.224	-0.098	187.646
NR3C1-reddytime	1	6	3	15	198.801	1.142	0.455	0.434	119.639
NR3C1-reddytime	2	6	2	13	180.294	0.811	0.542	0.518	113.621
NR3C1-reddytime	3	6	2	15	200.851	0.938	0.501	0.546	113.782
NR3C1-reddytime	4	6	3	14	196.312	1.955	0.518	0.471	120.970
NR3C1-reddytime	5	6	3	15	254.736	0.654	0.640	0.624	153.203
NR3C1-reddytime	6	6	3	13	190.238	1.003	0.409	0.407	125.345
NR3C1-reddytime	7	6	2	6	234.515	0.973	0.522	0.513	148.744
NR3C1-reddytime	8	6	3	15	226.581	0.608	0.530	0.516	140.523
NR3C1-reddytime	9	6	1	15	224.642	36.339	-0.313	-0.297	157.275
NR3C1-reddytime	10	6	2	15	204.173	0.598	0.641	0.649	128.889
NR3C1-reddytime	11	6	2	13	202.306	0.956	0.467	0.471	130.971
NR3C1-reddytime	12	6	1	13	238.262	0.574	0.637	0.622	147.916
NR3C1-reddytime	13	6	1	15	224.556	1.713	0.494	0.452	140.120
NR3C1-reddytime	14	6	2	11	237.008	0.634	0.616	0.580	145.464
NR3C1-reddytime	15	6	1	6	211.465	0.961	0.518	0.491	130.687
NR3C1-reddytime	0	7	1	15	178.511	41.438	0.386	0.366	157.524
NR3C1-reddytime	1	7	2	13	204.799	1.207	0.431	0.416	109.965
NR3C1-reddytime	2	7	3	14	184.957	1.028	0.510	0.507	98.071
NR3C1-reddytime	3	7	1	14	204.500	1.132	0.483	0.481	115.235
NR3C1-reddytime	4	7	3	11	197.967	0.880	0.478	0.439	106.315
NR3C1-reddytime	5	7	3	12	244.327	0.527	0.650	0.670	139.799
NR3C1-reddytime	6	7	2	13	195.002	1.135	0.235	0.238	111.883
NR3C1-reddytime	7	7	2	11	241.846	0.683	0.502	0.499	139.775
NR3C1-reddytime	8	7	1	15	231.256	0.566	0.478	0.474	134.201
NR3C1-reddytime	9	7	1	15	221.934	9.901	0.293	0.289	138.733
NR3C1-reddytime	10	7	2	10	213.074	0.596	0.604	0.612	117.755
NR3C1-reddytime	11	7	1	15	211.378	0.823	0.427	0.425	115.989
NR3C1-reddytime	12	7	3	10	244.475	0.547	0.627	0.630	133.211
NR3C1-reddytime	13	7	2	15	229.956	0.778	0.494	0.500	131.059
NR3C1-reddytime	14	7	2	12	239.996	0.531	0.599	0.604	136.365
NR3C1-reddytime	15	7	1	10	217.971	0.733	0.491	0.498	118.913
NR3C1-reddytime	0	8	1	14	197.960	43.068	-0.227	-0.225	129.034
NR3C1-reddytime	1	8	3	15	221.917	1.575	0.353	0.355	113.468
NR3C1-reddytime	2	8	2	14	197.835	1.120	0.522	0.526	106.039
NR3C1-reddytime	3	8	3	15	216.139	1.024	0.568	0.633	113.622
NR3C1-reddytime	4	8	3	15	228.037	1.401	0.500	0.450	109.791
NR3C1-reddytime	5	8	2	15	274.192	0.624	0.569	0.601	147.424
NR3C1-reddytime	6	8	1	15	205.514	0.990	0.377	0.399	117.143
NR3C1-reddytime	7	8	1	14	247.804	0.717	0.521	0.526	140.550
NR3C1-reddytime	8	8	1	15	244.593	0.527	0.552	0.553	135.459
NR3C1-reddytime	9	8	3	15	244.374	124.417	-0.219	-0.124	181.407
NR3C1-reddytime	10	8	3	15	234.056	0.586	0.643	0.661	126.051
NR3C1-reddytime	11	8	2	15	226.971	0.512	0.538	0.535	122.317
NR3C1-reddytime	12	8	3	14	255.484	0.518	0.651	0.641	141.371
NR3C1-reddytime	13	8	3	13	240.393	0.870	0.552	0.548	132.769
NR3C1-reddytime	14	8	1	7	250.738	0.802	0.587	0.588	142.086
NR3C1-reddytime	15	8	2	15	230.086	1.074	0.423	0.450	122.591
NR3C1-reddytime	0	9	3	15	199.724	266.239	-0.161	-0.056	241.911
NR3C1-reddytime	1	9	1	11	217.556	1.941	0.357	0.450	124.647
NR3C1-reddytime	2	9	2	14	193.446	0.806	0.562	0.539	111.343
NR3C1-reddytime	3	9	1	15	229.793	0.938	0.585	0.608	118.475
NR3C1-reddytime	4	9	2	15	219.594	1.664	0.476	0.432	125.331
NR3C1-reddytime	5	9	1	14	262.381	0.351	0.557	0.562	161.394
NR3C1-reddytime	6	9	1	15	200.700	0.638	0.291	0.303	123.712
NR3C1-reddytime	7	9	3	13	241.969	0.532	0.521	0.539	146.385
NR3C1-reddytime	8	9	3	14	239.701	0.563	0.466	0.493	145.018
NR3C1-reddytime	9	9	2	15	242.363	17.386	-0.340	-0.342	166.753
NR3C1-reddytime	10	9	1	15	219.070	0.449	0.609	0.626	132.510
NR3C1-reddytime	11	9	1	15	218.324	0.919	0.478	0.474	129.591
NR3C1-reddytime	12	9	2	13	251.222	0.500	0.638	0.639	147.734
NR3C1-reddytime	13	9	3	14	240.419	0.589	0.526	0.532	140.648
NR3C1-reddytime	14	9	1	15	248.599	0.557	0.589	0.599	145.941
NR3C1-reddytime	15	9	2	12	227.114	0.785	0.359	0.377	135.661
NR3C1-reddytime	0	10	1	15	194.596	34.286	0.151	0.144	212.923
NR3C1-reddytime	1	10	1	15	214.175	1.373	0.515	0.466	120.924
NR3C1-reddytime	2	10	2	13	195.611	0.674	0.632	0.595	111.088
NR3C1-reddytime	3	10	3	13	212.577	0.631	0.553	0.552	129.492
NR3C1-reddytime	4	10	1	14	210.252	1.351	0.356	0.332	117.569
NR3C1-reddytime	5	10	2	15	267.808	0.647	0.479	0.498	155.663
NR3C1-reddytime	6	10	3	15	210.631	0.788	0.339	0.340	121.371
NR3C1-reddytime	7	10	3	15	247.742	0.615	0.518	0.533	145.522
NR3C1-reddytime	8	10	3	15	248.424	0.442	0.544	0.529	147.640
NR3C1-reddytime	9	10	3	15	238.925	7.940	0.196	0.214	142.718
NR3C1-reddytime	10	10	1	14	234.060	0.414	0.634	0.638	129.374
NR3C1-reddytime	11	10	1	13	229.775	0.703	0.395	0.420	131.541
NR3C1-reddytime	12	10	3	15	257.978	0.376	0.682	0.674	148.450
NR3C1-reddytime	13	10	1	15	245.083	0.559	0.572	0.567	142.542
NR3C1-reddytime	14	10	2	14	255.661	0.618	0.594	0.584	144.194
NR3C1-reddytime	15	10	2	15	223.399	0.604	0.519	0.532	131.610
REST	0	1	1	15	299.876	1.027	0.709	0.669	153.566
REST	1	1	2	15	269.253	0.899	0.809	0.644	148.471
REST	2	1	1	15	359.076	13.235	-0.077	-0.044	234.160
REST	3	1	1	15	841.986	6.167	-0.002	0.050	417.945
REST	4	1	3	15	342.212	0.687	0.615	0.584	195.542
REST	5	1	3	11	251.693	1.225	0.556	0.506	136.801
REST	6	1	2	14	212.800	0.781	0.758	0.638	114.048
REST	7	1	3	15	365.536	0.805	0.694	0.624	171.990
REST	8	1	1	13	258.675	2.178	-0.068	0.116	152.386
REST	9	1	2	15	267.531	0.833	0.715	0.585	150.902
REST	10	1	2	12	253.792	0.458	0.697	0.554	133.076
REST	11	1	2	15	203.437	1.634	0.469	0.440	96.824
REST	12	1	3	15	333.521	1.342	0.269	0.335	190.078
REST	13	1	3	15	218.713	0.585	0.739	0.638	121.564
REST	14	1	2	15	341.809	0.856	0.687	0.602	186.300
REST	15	1	2	11	529.951	0.483	0.712	0.759	287.591
REST	16	1	2	15	359.637	1.948	0.283	0.319	190.248
REST	17	1	2	14	316.048	0.540	0.668	0.588	179.954
REST	18	1	3	15	467.309	1.080	0.578	0.571	287.562
REST	19	1	1	14	271.874	0.883	0.676	0.606	150.110
REST	0	2	3	14	302.995	1.362	0.661	0.632	158.594
REST	1	2	2	15	269.631	0.889	0.792	0.638	146.870
REST	2	2	3	15	389.744	43.494	0.077	0.111	249.868
REST	3	2	1	14	378.338	2.159	0.630	0.625	162.005
REST	4	2	1	15	398.263	2.361	0.101	0.170	196.937
REST	5	2	3	14	265.940	3.930	0.069	0.130	132.497
REST	6	2	1	12	216.159	0.845	0.791	0.666	117.069
REST	7	2	1	15	362.480	1.019	0.756	0.606	200.491
REST	8	2	1	15	294.966	0.711	0.497	0.562	142.718
REST	9	2	3	13	279.689	0.678	0.760	0.618	152.447
REST	10	2	2	12	271.488	0.632	0.686	0.572	140.620
REST	11	2	2	14	219.796	1.373	0.473	0.469	108.765
REST	12	2	2	15	366.761	0.657	0.645	0.615	181.619
REST	13	2	1	14	222.218	0.734	0.637	0.577	116.980
REST	14	2	1	14	357.533	1.117	0.644	0.537	190.690
REST	15	2	1	15	485.630	0.446	0.699	0.706	332.833
REST	16	2	1	14	357.581	2.573	0.107	0.124	194.935
REST	17	2	1	14	317.670	0.706	0.692	0.621	185.622
REST	18	2	3	12	504.954	1.025	0.472	0.457	268.155
REST	19	2	2	12	279.597	0.773	0.706	0.628	155.816
REST	0	3	1	14	334.226	2.085	0.607	0.584	158.855
REST	1	3	3	14	284.102	0.966	0.791	0.632	149.399
REST	2	3	2	13	359.616	18.462	0.080	0.136	231.464
REST	3	3	2	15	354.429	1.725	0.760	0.740	195.363
REST	4	3	2	15	390.233	1.206	0.595	0.600	202.354
REST	5	3	3	15	265.176	1.893	0.576	0.558	144.302
REST	6	3	2	15	219.242	0.912	0.763	0.654	116.542
REST	7	3	3	13	360.630	0.915	0.745	0.642	194.222
REST	8	3	1	15	284.073	0.689	0.690	0.626	170.130
REST	9	3	1	14	279.411	0.850	0.804	0.651	153.707
REST	10	3	3	13	259.641	0.602	0.686	0.550	152.723
REST	11	3	3	15	222.304	6.417	0.101	0.111	131.336
REST	12	3	2	15	340.031	0.848	0.587	0.569	210.834
REST	13	3	3	10	230.099	1.145	0.672	0.616	120.852
REST	14	3	1	15	345.851	0.659	0.757	0.678	202.427
REST	15	3	1	15	471.578	0.437	0.693	0.712	303.925
REST	16	3	3	15	360.640	3.149	0.120	0.179	187.739
REST	17	3	1	12	302.908	0.857	0.651	0.610	188.558
REST	18	3	3	14	488.665	1.340	0.378	0.351	304.473
REST	19	3	1	14	274.722	0.717	0.721	0.617	157.272
REST	0	4	3	15	279.103	2.585	0.384	0.367	186.709
REST	1	4	1	9	261.250	0.862	0.776	0.602	153.909
REST	2	4	2	15	400.784	40.954	-0.047	-0.020	277.671
REST	3	4	3	15	335.646	2.166	0.612	0.589	210.321
REST	4	4	2	15	341.177	1.164	0.400	0.386	223.884
REST	5	4	2	15	236.638	1.240	0.542	0.493	136.095
REST	6	4	2	14	188.772	0.993	0.746	0.644	117.686
REST	7	4	1	15	333.170	1.118	0.667	0.635	187.172
REST	8	4	1	14	272.192	1.265	0.207	0.373	168.409
REST	9	4	3	13	253.169	0.740	0.721	0.622	153.743
REST	10	4	3	15	243.105	0.554	0.644	0.521	145.738
REST	11	4	1	15	184.529	1.541	0.457	0.442	109.639
REST	12	4	1	15	285.849	1.355	0.553	0.407	191.185
REST	13	4	2	14	205.553	0.709	0.605	0.538	118.259
REST	14	4	2	15	325.948	1.011	0.674	0.573	195.381
REST	15	4	3	14	487.890	0.735	0.720	0.762	291.841
REST	16	4	3	15	319.620	1.725	0.269	0.287	190.046
REST	17	4	3	13	303.310	0.573	0.604	0.597	182.196
REST	18	4	2	13	448.619	0.881	0.598	0.570	278.109
REST	19	4	1	15	258.133	0.933	0.668	0.588	157.380
REST	0	5	1	15	337.392	2.173	0.522	0.472	150.801
REST	1	5	2	15	293.000	1.050	0.766	0.621	142.593
REST	2	5	3	15	326.576	10.398	0.155	0.177	205.949
REST	3	5	2	15	446.289	4.170	0.165	0.127	203.456
REST	4	5	2	15	410.691	2.536	0.022	0.072	203.479
REST	5	5	3	14	258.572	3.833	-0.002	0.060	122.949
REST	6	5	1	12	224.730	0.850	0.746	0.659	105.464
REST	7	5	2	15	353.629	0.974	0.731	0.635	179.849
REST	8	5	2	13	281.009	0.603	0.710	0.611	151.164
REST	9	5	2	15	268.663	0.704	0.760	0.584	140.330
REST	10	5	3	14	258.843	0.653	0.711	0.592	135.504
REST	11	5	1	15	205.207	4.875	0.219	0.241	106.481
REST	12	5	3	15	332.883	0.555	0.652	0.523	155.751
REST	13	5	1	12	215.893	0.619	0.706	0.625	112.252
REST	14	5	1	15	358.685	1.372	0.702	0.619	185.335
REST	15	5	2	14	481.779	0.381	0.718	0.712	304.075
REST	16	5	1	15	367.758	4.680	0.136	0.424	184.875
REST	17	5	3	15	317.355	0.519	0.661	0.583	178.114
REST	18	5	3	15	498.297	1.553	0.217	0.194	247.857
REST	19	5	3	14	287.302	0.938	0.697	0.618	144.424
REST	0	6	2	14	306.725	3.404	0.084	0.159	192.111
REST	1	6	1	13	246.462	0.936	0.770	0.611	155.399
REST	2	6	3	15	380.751	12.466	0.140	0.166	203.122
REST	3	6	1	14	739.862	5.553	0.218	0.255	390.882
REST	4	6	1	14	327.058	0.869	0.685	0.622	185.507
REST	5	6	3	15	247.301	4.646	0.322	0.334	136.123
REST	6	6	2	15	187.370	0.867	0.728	0.625	122.627
REST	7	6	2	15	320.550	0.748	0.698	0.553	183.264
REST	8	6	2	14	242.409	0.562	0.730	0.534	158.460
REST	9	6	2	15	245.166	0.787	0.672	0.538	152.018
REST	10	6	1	15	240.790	0.543	0.707	0.589	141.361
REST	11	6	1	15	200.381	1.608	0.528	0.533	105.588
REST	12	6	2	13	331.358	0.636	0.620	0.608	185.750
REST	13	6	1	14	199.902	0.675	0.679	0.589	115.077
REST	14	6	1	11	317.164	0.904	0.686	0.589	193.857
REST	15	6	1	14	459.246	0.408	0.698	0.703	301.068
REST	16	6	2	15	312.781	1.746	0.343	0.357	197.194
REST	17	6	3	13	296.542	0.544	0.677	0.605	183.414
REST	18	6	3	15	469.846	1.768	0.259	0.246	287.217
REST	19	6	1	14	256.142	0.812	0.678	0.593	160.822
REST	0	7	1	15	286.689	1.565	0.500	0.489	156.144
REST	1	7	3	15	254.173	1.016	0.779	0.643	134.802
REST	2	7	2	15	407.405	59.313	-0.004	0.016	272.347
REST	3	7	1	13	306.604	6.683	0.222	0.233	186.337
REST	4	7	1	14	352.670	1.098	0.575	0.527	186.783
REST	5	7	2	15	230.083	1.036	0.647	0.558	125.058
REST	6	7	2	13	193.511	0.988	0.710	0.611	99.152
REST	7	7	3	15	333.123	1.154	0.652	0.583	168.107
REST	8	7	2	15	263.204	0.995	0.622	0.604	134.028
REST	9	7	3	15	250.722	0.803	0.761	0.639	133.479
REST	10	7	1	15	258.724	0.635	0.616	0.556	131.421
REST	11	7	1	15	179.241	6.012	-0.093	-0.055	102.348
REST	12	7	3	14	315.646	0.617	0.595	0.500	180.055
REST	13	7	3	13	208.019	0.613	0.641	0.543	107.855
REST	14	7	1	15	320.431	0.713	0.696	0.630	177.206
REST	15	7	1	14	472.064	0.387	0.714	0.700	283.314
REST	16	7	1	15	312.854	1.113	0.659	0.654	174.031
REST	17	7	1	15	304.817	0.718	0.591	0.613	176.481
REST	18	7	3	14	466.504	1.848	0.143	0.132	268.412
REST	19	7	1	12	260.799	0.797	0.690	0.608	144.134
REST	0	8	1	15	289.711	1.065	0.721	0.644	140.124
REST	1	8	2	15	256.516	0.871	0.772	0.623	139.270
REST	2	8	1	14	383.536	34.732	-0.018	-0.000	268.017
REST	3	8	2	14	391.086	4.007	0.136	0.162	178.036
REST	4	8	2	14	370.353	1.278	0.429	0.465	190.874
REST	5	8	3	15	255.818	1.818	0.513	0.471	118.891
REST	6	8	3	15	214.533	0.950	0.726	0.606	107.039
REST	7	8	3	14	335.784	0.877	0.727	0.575	175.432
REST	8	8	2	13	262.786	0.536	0.682	0.612	148.493
REST	9	8	2	13	272.156	0.557	0.701	0.594	138.663
REST	10	8	1	14	269.371	0.665	0.652	0.541	142.497
REST	11	8	3	13	215.275	6.319	0.119	0.119	93.207
REST	12	8	1	13	351.583	0.524	0.646	0.612	175.568
REST	13	8	2	15	222.741	0.667	0.669	0.579	113.833
REST	14	8	2	14	330.148	0.798	0.703	0.608	178.809
REST	15	8	1	15	473.799	0.436	0.672	0.702	295.681
REST	16	8	2	15	333.995	2.643	0.251	0.256	176.919
REST	17	8	3	12	300.845	0.701	0.626	0.604	178.565
REST	18	8	2	15	508.530	2.472	0.103	0.097	268.253
REST	19	8	2	15	268.057	0.875	0.634	0.593	148.246
REST	0	9	2	12	299.050	1.824	0.571	0.567	150.230
REST	1	9	3	13	269.490	0.937	0.785	0.626	139.130
REST	2	9	3	15	365.330	24.265	0.029	0.035	289.977
REST	3	9	2	15	481.323	9.050	0.112	0.135	250.930
REST	4	9	1	15	394.517	2.108	-0.024	0.073	230.591
REST	5	9	1	13	243.874	4.198	0.015	0.080	142.599
REST	6	9	1	14	207.491	0.873	0.719	0.601	116.883
REST	7	9	1	15	333.663	0.756	0.771	0.649	181.033
REST	8	9	1	15	254.270	0.467	0.762	0.565	147.119
REST	9	9	2	15	265.665	0.792	0.734	0.615	151.606
REST	10	9	3	15	246.147	0.608	0.662	0.468	149.354
REST	11	9	1	14	193.420	0.819	0.597	0.586	105.722
REST	12	9	2	12	342.521	0.618	0.592	0.555	191.763
REST	13	9	3	13	215.261	0.678	0.698	0.618	115.251
REST	14	9	3	15	328.564	1.077	0.582	0.535	182.632
REST	15	9	1	14	468.011	0.462	0.698	0.692	290.003
REST	16	9	3	15	346.466	2.541	0.220	0.254	178.884
REST	17	9	3	15	309.228	0.720	0.638	0.607	174.632
REST	18	9	1	13	466.232	2.002	0.254	0.234	289.638
REST	19	9	3	14	262.020	0.634	0.721	0.612	151.567
REST	0	10	1	14	304.377	1.529	0.627	0.597	154.267
REST	1	10	1	15	266.228	0.810	0.812	0.648	144.425
REST	2	10	1	15	489.053	65.871	-0.108	-0.097	341.854
REST	3	10	3	15	424.375	5.012	0.148	0.169	261.498
REST	4	10	3	15	374.656	1.177	0.593	0.527	181.927
REST	5	10	1	14	257.377	2.572	0.453	0.499	127.157
REST	6	10	2	15	211.092	0.834	0.779	0.667	116.588
REST	7	10	2	13	333.794	0.913	0.759	0.643	176.862
REST	8	10	1	15	262.217	0.474	0.696	0.582	143.976
REST	9	10	2	14	261.835	0.689	0.741	0.613	143.415
REST	10	10	3	14	238.191	0.854	0.583	0.482	138.351
REST	11	10	3	15	206.075	2.641	0.466	0.461	96.134
REST	12	10	1	15	335.811	0.682	0.598	0.516	196.450
REST	13	10	2	15	212.345	0.583	0.723	0.628	112.055
REST	14	10	1	14	329.752	0.718	0.756	0.630	183.800
REST	15	10	2	13	460.068	0.450	0.695	0.717	283.767
REST	16	10	2	15	374.395	2.364	0.202	0.231	201.540
REST	17	10	1	14	301.782	0.878	0.614	0.599	185.496
REST	18	10	3	15	485.419	2.679	-0.040	-0.032	266.064
REST	19	10	1	14	264.741	0.715	0.710	0.630	148.043
